"Accounting, Finance, Insurance & Investing",Administrative & Clerical,"Banking, Real Estate & Mortgage Professionals","Biotech, R&D & Science",Building Construction & Skilled Trades,Business & Strategic Management,Creative & Design,Customer Support & Client Care,Editorial & Writing,Education & Training,Engineering,Food Services & Hospitality,Human Resources,IT & Software Development,"Installation, Maintenance & Repair",Legal,Logistics & Transportation,"Manufacturing, Production & Operations",Marketing & Product,Medical & Health,Project & Program Management,Quality Assurance & Safety,"Sales, Retail & Business Development",Security & Protective Services
"accounting, finance, insurance & investing - in general",administrative,banking,biotech,trades,strategic management,creat,care,editorial,training,engineer,food services,human resources,software development,installation,legal,logistics,operations,marketing,medical,event coordination,quality assurance,account management,protective services
accounts payable / receivable,administrative support,bank,test,cad,business research,advertising writing,account management,digital content development,classroom teaching,aeronautic,food & beverage serving,academic admissions and advising,network security,instal,attorney,"car, van and bus driving",assembly line,brand marketing,dental assistant,event organizing,building inspection,business development,airport security and screening
angel investing,claims processing,credit,research,carpentry,business analysis,design,teller,editing,continuing,bio-engineering,food preparation,compensation,database development,electrician,contracts administration,cargo and baggage handling,audio / video broadcast & postproduction,copy writing,dental practitioner,event planning,environmental conservation,field sales,correctional officer
audit,corporate social responsibility ,currencies,bio,concrete and masonry,owner,animat,call center,journalism,corporate training,cad,reception,corporate development and training,desktop service and support,equipment install,labor & employment law,cost estimating,equipment operations,digital marketing,emt,it project management,food safety and inspection,financial products sales / brokerage,customs
bookkeeping,data entry,escrow,r&d,electrician,franchise,ux,customer training,translation,customer training,chemical engineering,guest services,diversity management,enterprise software implementation & consulting,facilities management / maintenance,paralegal & legal secretary,crane operation,hazardous materials handling,direct marketing,healthcare aid,program management,fraud investigation,fundraising,firefighting and rescue
claims review and adjusting,executive support,loan,science,framing,administrat,fashion,flight attendant,writing,early childhood care,civil,guide,hr systems administration,it project management,hvac,ip law,hazardous materials handling,laundry and dry-cleaning operations,events marketing,laboratory,project management,iso certification,insurance agent,military combat
collections,records management,mortgage broker,analysis,hvac,managerial consulting,graphic,hair styling,writ,elementary school,cleantech,hostess,payroll and benefits administration,network and server administration,janitorial & cleaning,real estate law,import/export administration,"layout, prepress, printing, & binding operations",investor and public,medical imaging,event,occupational health and safety,international sales,police-law enforcement
corporate accounting,office management,payment systems,scien,heavy equipment operation,acquisitions,illustrat,reservations,interpretation,fitness training,electrical engineering,restaurant management,recruiting,system architecture,landscaping,compliance law,inventory planning and management,machining,market research,medical practitioner,menag,production quality assurance,media and advertising sales,security guard
corporate finance,property management,payments,Nothing can contain it,fabrication,executive,photo,service,proofreading,school,energy engineering,wine steward,social entrepreneurship,web development,locksmith,tax law,merchandise planning and buying,metal fabrication and welding,marketing communications,medical therapy,organization,six sigma,merchandise planning and buying,security intelligence & analysis
credit review / analysis,switchboard,investing,Nothing can contain it,plumbing,mergers,ui,customer service,edit,college administration,environmental and geological engineering,food,hr,systems analysis,oil rig & pipeline install,law,messenger,casting,marketing traffic,mental health,coord,software quality assurance,real estate agent,store security
financial analysis / research / reporting,executive assistant,currency,Nothing can contain it,roofing,president,video,customer,Nothing can contain it,software / web training,manufact,food services,eeo,telecommunications administration,plumbing,patent,piloting: air and marine,operations management,media planning and buying,nursing,plan,vehicle inspection,retail,security
financial control,transcription,invest,Nothing can contain it,sheetrock,administration,advert,support,Nothing can contain it,special education,mechanic,beverage serving,compliance,usability,vehicle maintenance,regulatory,purchasing,production planning,product management,nutrition and diet,project,safety,sales,intelligence
financial advising,clerical,branch management,Nothing can contain it,site supervisoring,management,architect,client,Nothing can contain it,university,architect,food serving,benefits policy,web,vehicle repair,labor law,shipping and receiving,scientific production,telemarketing,optical,Nothing can contain it,tqm,store management,loss prevention
financial products sales,order processing,title officer ,Nothing can contain it,plastering,strategic planning,media,hair cutting,Nothing can contain it,education,rf,serving,sourcing,ui,maintenance,employment law,supplier management/vendor management,sewing and tailoring,display merchandising,pharmacy,Nothing can contain it,belt,technical presales support & technical sales,law enforcement
fund accounting,csr,underwriter,Nothing can contain it,pipefitting,planning,art,ticketing,Nothing can contain it,trainer,struct,sommelier,academic admissions,ux,repair,paralegal secretary,train or rail operator,telecommunications administration,digital,physician assistant,Nothing can contain it,black,telesales,police
investing in startups,filing,real estate,Nothing can contain it,wallpapering,business,illustration,retail customer service,Nothing can contain it,early childhood development,avionic,front desk,payroll administration,information architecture,maintain,legal secretary,truck driving,waste pick-up and removal,visual merchandising,public health administration,Nothing can contain it,inspect,travel agent,immigration
investment management,secretary,mortgage,Nothing can contain it,painting,strategic intelligence,industrial design,technical customer service,Nothing can contain it,school administration,systems,host,benefits administration,it,pipefitting,Nothing can contain it,"vehicle dispatch, routing and scheduling",manufacturing,marketing production,social service,Nothing can contain it,certification,visual merchandising,guard
policy underwriting,reception,title closer,Nothing can contain it,tiling,store,photography and videography,bank teller,Nothing can contain it,college,Wireless,tour,human,software,pipeline,Nothing can contain it,transportation,manufact,events marketing,sports medicine,Nothing can contain it,assurance,reselling sales,airport security
project funding,admin,broker,Nothing can contain it,flooring,strategic,interior design,customer support & client care,Nothing can contain it,instruct,marine engineering,concierge,resources,program,cleaning,Nothing can contain it,scheduling,production,crm,veterinary care,Nothing can contain it,quality,counter sales ,officer
real estate appraisal,order,pay,Nothing can contain it,drafting,planning,computer animation & multimedia,Nothing can contain it,Nothing can contain it,sports training,industr,cook,Nothing can contain it,big data,janitorial,Nothing can contain it,warehousing,product,market,health,Nothing can contain it,food safety,cashier,governmental administration
real estate leasing,Nothing can contain it,currenc,Nothing can contain it,construction,ceo,graphic arts,Nothing can contain it,Nothing can contain it,corporate development,nuclear,Nothing can contain it,Nothing can contain it,computer,Nothing can contain it,Nothing can contain it,courier,waste removal,product marketing,animal care,Nothing can contain it,food inspection,broker,law enforcement authorities
risk management,Nothing can contain it,Nothing can contain it,Nothing can contain it,equipment,Nothing can contain it,Nothing can contain it,Nothing can contain it,Nothing can contain it,development,energy,Nothing can contain it,Nothing can contain it,data science,Nothing can contain it,Nothing can contain it,export administration,waste pick-up,product,veterinary,Nothing can contain it,construction inspection,display merchandising,authorities
securities analysis,Nothing can contain it,Nothing can contain it,Nothing can contain it,Nothing can contain it,Nothing can contain it,Nothing can contain it,Nothing can contain it,Nothing can contain it,teach,electronics engineer,Nothing can contain it,Nothing can contain it,information,Nothing can contain it,Nothing can contain it,import administration,telecommunications management,copy editing,animal,Nothing can contain it,environmental protection,ticket sales,Nothing can contain it
tax accounting,Nothing can contain it,Nothing can contain it,Nothing can contain it,Nothing can contain it,Nothing can contain it,Nothing can contain it,Nothing can contain it,Nothing can contain it,coach,electr,Nothing can contain it,Nothing can contain it,informatics,Nothing can contain it,Nothing can contain it,driver,technical production,investor and media relations,zoo,Nothing can contain it,inspection,wholesale,Nothing can contain it
tax assessment and collections,Nothing can contain it,Nothing can contain it,Nothing can contain it,Nothing can contain it,Nothing can contain it,Nothing can contain it,Nothing can contain it,Nothing can contain it,Nothing can contain it,industr,Nothing can contain it,Nothing can contain it,telecommunications management,Nothing can contain it,Nothing can contain it,equipment operation,operations planning,Nothing can contain it,health,Nothing can contain it,Nothing can contain it,branch management,Nothing can contain it
venture capital,Nothing can contain it,Nothing can contain it,Nothing can contain it,Nothing can contain it,Nothing can contain it,Nothing can contain it,Nothing can contain it,Nothing can contain it,Nothing can contain it,structural engineering,Nothing can contain it,Nothing can contain it,computer security,Nothing can contain it,Nothing can contain it,forklift operation,modelmaking,Nothing can contain it,dentist,Nothing can contain it,Nothing can contain it,technical sales,Nothing can contain it
real estate acquisition,Nothing can contain it,Nothing can contain it,Nothing can contain it,Nothing can contain it,Nothing can contain it,Nothing can contain it,Nothing can contain it,Nothing can contain it,Nothing can contain it,civil engineer,Nothing can contain it,Nothing can contain it,software,Nothing can contain it,Nothing can contain it,Nothing can contain it,cnc,Nothing can contain it,hygienist,Nothing can contain it,Nothing can contain it,sales,Nothing can contain it
compliance,Nothing can contain it,Nothing can contain it,Nothing can contain it,Nothing can contain it,Nothing can contain it,Nothing can contain it,Nothing can contain it,Nothing can contain it,Nothing can contain it,draft,Nothing can contain it,Nothing can contain it,hardware,Nothing can contain it,Nothing can contain it,Nothing can contain it,assembly,Nothing can contain it,nurse,Nothing can contain it,Nothing can contain it,new accounts,Nothing can contain it
securities research,Nothing can contain it,Nothing can contain it,Nothing can contain it,Nothing can contain it,Nothing can contain it,Nothing can contain it,Nothing can contain it,Nothing can contain it,Nothing can contain it,civil,Nothing can contain it,Nothing can contain it,information securety,Nothing can contain it,Nothing can contain it,Nothing can contain it,plant management,Nothing can contain it,doctor,Nothing can contain it,Nothing can contain it,business development,Nothing can contain it
brokerage,Nothing can contain it,Nothing can contain it,Nothing can contain it,Nothing can contain it,Nothing can contain it,Nothing can contain it,Nothing can contain it,Nothing can contain it,Nothing can contain it,Nothing can contain it,Nothing can contain it,Nothing can contain it,software development,Nothing can contain it,Nothing can contain it,Nothing can contain it,Nothing can contain it,Nothing can contain it,rehab services,Nothing can contain it,Nothing can contain it,Nothing can contain it,Nothing can contain it
financial planning advising,Nothing can contain it,Nothing can contain it,Nothing can contain it,Nothing can contain it,Nothing can contain it,Nothing can contain it,Nothing can contain it,Nothing can contain it,Nothing can contain it,Nothing can contain it,Nothing can contain it,Nothing can contain it,software architecture,Nothing can contain it,Nothing can contain it,Nothing can contain it,Nothing can contain it,Nothing can contain it,paramedic,Nothing can contain it,Nothing can contain it,Nothing can contain it,Nothing can contain it
venture,Nothing can contain it,Nothing can contain it,Nothing can contain it,Nothing can contain it,Nothing can contain it,Nothing can contain it,Nothing can contain it,Nothing can contain it,Nothing can contain it,Nothing can contain it,Nothing can contain it,Nothing can contain it,database administration,Nothing can contain it,Nothing can contain it,Nothing can contain it,Nothing can contain it,Nothing can contain it,surger,Nothing can contain it,Nothing can contain it,Nothing can contain it,Nothing can contain it
capital,Nothing can contain it,Nothing can contain it,Nothing can contain it,Nothing can contain it,Nothing can contain it,Nothing can contain it,Nothing can contain it,Nothing can contain it,Nothing can contain it,Nothing can contain it,Nothing can contain it,Nothing can contain it,database,Nothing can contain it,Nothing can contain it,Nothing can contain it,Nothing can contain it,Nothing can contain it,pathology,Nothing can contain it,Nothing can contain it,Nothing can contain it,Nothing can contain it
leasing,Nothing can contain it,Nothing can contain it,Nothing can contain it,Nothing can contain it,Nothing can contain it,Nothing can contain it,Nothing can contain it,Nothing can contain it,Nothing can contain it,Nothing can contain it,Nothing can contain it,Nothing can contain it,developer,Nothing can contain it,Nothing can contain it,Nothing can contain it,Nothing can contain it,Nothing can contain it,aid,Nothing can contain it,Nothing can contain it,Nothing can contain it,Nothing can contain it
appraisal,Nothing can contain it,Nothing can contain it,Nothing can contain it,Nothing can contain it,Nothing can contain it,Nothing can contain it,Nothing can contain it,Nothing can contain it,Nothing can contain it,Nothing can contain it,Nothing can contain it,Nothing can contain it,analytics,Nothing can contain it,Nothing can contain it,Nothing can contain it,Nothing can contain it,Nothing can contain it,Nothing can contain it,Nothing can contain it,Nothing can contain it,Nothing can contain it,Nothing can contain it
fund,Nothing can contain it,Nothing can contain it,Nothing can contain it,Nothing can contain it,Nothing can contain it,Nothing can contain it,Nothing can contain it,Nothing can contain it,Nothing can contain it,Nothing can contain it,Nothing can contain it,Nothing can contain it,assembly,Nothing can contain it,Nothing can contain it,Nothing can contain it,Nothing can contain it,Nothing can contain it,Nothing can contain it,Nothing can contain it,Nothing can contain it,Nothing can contain it,Nothing can contain it
invest,Nothing can contain it,Nothing can contain it,Nothing can contain it,Nothing can contain it,Nothing can contain it,Nothing can contain it,Nothing can contain it,Nothing can contain it,Nothing can contain it,Nothing can contain it,Nothing can contain it,Nothing can contain it,python,Nothing can contain it,Nothing can contain it,Nothing can contain it,Nothing can contain it,Nothing can contain it,Nothing can contain it,Nothing can contain it,Nothing can contain it,Nothing can contain it,Nothing can contain it
account,Nothing can contain it,Nothing can contain it,Nothing can contain it,Nothing can contain it,Nothing can contain it,Nothing can contain it,Nothing can contain it,Nothing can contain it,Nothing can contain it,Nothing can contain it,Nothing can contain it,Nothing can contain it,c++,Nothing can contain it,Nothing can contain it,Nothing can contain it,Nothing can contain it,Nothing can contain it,Nothing can contain it,Nothing can contain it,Nothing can contain it,Nothing can contain it,Nothing can contain it
financ,Nothing can contain it,Nothing can contain it,Nothing can contain it,Nothing can contain it,Nothing can contain it,Nothing can contain it,Nothing can contain it,Nothing can contain it,Nothing can contain it,Nothing can contain it,Nothing can contain it,Nothing can contain it,java,Nothing can contain it,Nothing can contain it,Nothing can contain it,Nothing can contain it,Nothing can contain it,Nothing can contain it,Nothing can contain it,Nothing can contain it,Nothing can contain it,Nothing can contain it
tax,Nothing can contain it,Nothing can contain it,Nothing can contain it,Nothing can contain it,Nothing can contain it,Nothing can contain it,Nothing can contain it,Nothing can contain it,Nothing can contain it,Nothing can contain it,Nothing can contain it,Nothing can contain it,engeneer,Nothing can contain it,Nothing can contain it,Nothing can contain it,Nothing can contain it,Nothing can contain it,Nothing can contain it,Nothing can contain it,Nothing can contain it,Nothing can contain it,Nothing can contain it
